adm1cd,adm1nm,adm2cd,adm2nm
NGA001,Abia,NGA001001,Aba North
NGA001,Abia,NGA001002,Aba South
NGA001,Abia,NGA001003,Arochukwu
NGA001,Abia,NGA001004,Bende
NGA001,Abia,NGA001005,Ikwuano
NGA001,Abia,NGA001006,Isiala-Ngwa North
NGA001,Abia,NGA001007,Isiala-Ngwa South
NGA001,Abia,NGA001008,Isuikwato
NGA001,Abia,NGA001009,Obioma Ngwa
NGA001,Abia,NGA001010,Ohafia
NGA001,Abia,NGA001011,Osisioma Ngwa
NGA001,Abia,NGA001012,Ugwunagbo
NGA001,Abia,NGA001013,Ukwa East
NGA001,Abia,NGA001014,Ukwa West
NGA001,Abia,NGA001015,Umuahia North
NGA001,Abia,NGA001016,Umuahia South
NGA001,Abia,NGA001017,Umu-Nneochi
NGA002,Adamawa,NGA002001,Demsa
NGA002,Adamawa,NGA002002,Fufore
NGA002,Adamawa,NGA002003,Ganye
NGA002,Adamawa,NGA002004,Girei
NGA002,Adamawa,NGA002005,Gombi
NGA002,Adamawa,NGA002006,Guyuk
NGA002,Adamawa,NGA002007,Hong
NGA002,Adamawa,NGA002008,Jada
NGA002,Adamawa,NGA002009,Lamurde
NGA002,Adamawa,NGA002010,Madagali
NGA002,Adamawa,NGA002011,Maiha
NGA002,Adamawa,NGA002012,Mayo-Belwa
NGA002,Adamawa,NGA002013,Michika
NGA002,Adamawa,NGA002014,Mubi North
NGA002,Adamawa,NGA002015,Mubi South
NGA002,Adamawa,NGA002016,Numan
NGA002,Adamawa,NGA002017,Shelleng
NGA002,Adamawa,NGA002018,Song
NGA002,Adamawa,NGA002019,Toungo
NGA002,Adamawa,NGA002020,Yola North
NGA002,Adamawa,NGA002021,Yola South
NGA003,Akwa lbom,NGA003001,Abak
NGA003,Akwa lbom,NGA003002,Eastern Obolo
NGA003,Akwa lbom,NGA003003,Eket
NGA003,Akwa lbom,NGA003004,Esit Eket
NGA003,Akwa lbom,NGA003005,Essien Udim
NGA003,Akwa lbom,NGA003006,Etim Ekpo
NGA003,Akwa lbom,NGA003007,Etinan
NGA003,Akwa lbom,NGA003008,Ibeno
NGA003,Akwa lbom,NGA003009,Ibesikpo Asutan
NGA003,Akwa lbom,NGA003010,Ibiono Ibom
NGA003,Akwa lbom,NGA003011,Ika
NGA003,Akwa lbom,NGA003012,Ikono
NGA003,Akwa lbom,NGA003013,Ikot Abasi
NGA003,Akwa lbom,NGA003014,Ikot Ekpene
NGA003,Akwa lbom,NGA003015,Ini
NGA003,Akwa lbom,NGA003016,Itu
NGA003,Akwa lbom,NGA003017,Mbo
NGA003,Akwa lbom,NGA003018,Mkpat Enin
NGA003,Akwa lbom,NGA003019,Nsit Atai
NGA003,Akwa lbom,NGA003020,Nsit Ibom
NGA003,Akwa lbom,NGA003021,Nsit Ubium
NGA003,Akwa lbom,NGA003022,Obot Akara
NGA003,Akwa lbom,NGA003023,Okobo
NGA003,Akwa lbom,NGA003024,Onna
NGA003,Akwa lbom,NGA003025,Oron
NGA003,Akwa lbom,NGA003026,Oruk Anam
NGA003,Akwa lbom,NGA003027,Udung Uko
NGA003,Akwa lbom,NGA003028,Ukanafun
NGA003,Akwa lbom,NGA003029,Uruan
NGA003,Akwa lbom,NGA003030,Urue-Offong/Oruko
NGA003,Akwa lbom,NGA003031,Uyo
NGA004,Anambra,NGA004001,Aguata
NGA004,Anambra,NGA004002,Anambra East
NGA004,Anambra,NGA004003,Anambra West
NGA004,Anambra,NGA004004,Anaocha
NGA004,Anambra,NGA004005,Awka North
NGA004,Anambra,NGA004006,Awka South
NGA004,Anambra,NGA004007,Ayamelum
NGA004,Anambra,NGA004008,Dunukofia
NGA004,Anambra,NGA004009,Ekwusigo
NGA004,Anambra,NGA004010,Idemili North
NGA004,Anambra,NGA004011,Idemili South
NGA004,Anambra,NGA004012,Ihiala
NGA004,Anambra,NGA004013,Njikoka
NGA004,Anambra,NGA004014,Nnewi North
NGA004,Anambra,NGA004015,Nnewi South
NGA004,Anambra,NGA004016,Ogbaru
NGA004,Anambra,NGA004017,Onitsha North
NGA004,Anambra,NGA004018,Onitsha South
NGA004,Anambra,NGA004019,Orumba North
NGA004,Anambra,NGA004020,Orumba South
NGA004,Anambra,NGA004021,Oyi
NGA005,Bauchi,NGA005001,Alkaleri
NGA005,Bauchi,NGA005002,Bauchi
NGA005,Bauchi,NGA005003,Bogoro
NGA005,Bauchi,NGA005004,Damban
NGA005,Bauchi,NGA005005,Darazo
NGA005,Bauchi,NGA005006,Dass
NGA005,Bauchi,NGA005007,Gamawa
NGA005,Bauchi,NGA005008,Ganjuwa
NGA005,Bauchi,NGA005009,Giade
NGA005,Bauchi,NGA005010,Itas/Gadau
NGA005,Bauchi,NGA005011,Jama'are
NGA005,Bauchi,NGA005012,Katagum
NGA005,Bauchi,NGA005013,Kirfi
NGA005,Bauchi,NGA005014,Misau
NGA005,Bauchi,NGA005015,Ningi
NGA005,Bauchi,NGA005016,Shira
NGA005,Bauchi,NGA005017,Tafawa-Balewa
NGA005,Bauchi,NGA005018,Toro
NGA005,Bauchi,NGA005019,Warji
NGA005,Bauchi,NGA005020,Zaki
NGA006,Bayelsa,NGA006001,Brass
NGA006,Bayelsa,NGA006002,Ekeremor
NGA006,Bayelsa,NGA006003,Kolokuma/Opokuma
NGA006,Bayelsa,NGA006004,Nembe
NGA006,Bayelsa,NGA006005,Ogbia
NGA006,Bayelsa,NGA006006,Sagbama
NGA006,Bayelsa,NGA006007,Southern Ijaw
NGA006,Bayelsa,NGA006008,Yenegoa
NGA007,Benue,NGA007001,Ado
NGA007,Benue,NGA007002,Agatu
NGA007,Benue,NGA007003,Apa
NGA007,Benue,NGA007004,Buruku
NGA007,Benue,NGA007005,Gboko
NGA007,Benue,NGA007006,Guma
NGA007,Benue,NGA007007,Gwer East
NGA007,Benue,NGA007008,Gwer West
NGA007,Benue,NGA007009,Katsina-Ala
NGA007,Benue,NGA007010,Konshisha
NGA007,Benue,NGA007011,Kwande
NGA007,Benue,NGA007012,Logo
NGA007,Benue,NGA007013,Makurdi
NGA007,Benue,NGA007014,Obi
NGA007,Benue,NGA007015,Ogbadibo
NGA007,Benue,NGA007016,Ohimini
NGA007,Benue,NGA007017,Oju
NGA007,Benue,NGA007018,Okpokwu
NGA007,Benue,NGA007019,Oturkpo
NGA007,Benue,NGA007020,Tarka
NGA007,Benue,NGA007021,Ukum
NGA007,Benue,NGA007022,Ushongo
NGA007,Benue,NGA007023,Vandeikya
NGA008,Borno,NGA008001,Abadam
NGA008,Borno,NGA008002,Askira/Uba
NGA008,Borno,NGA008003,Bama
NGA008,Borno,NGA008004,Bayo
NGA008,Borno,NGA008005,Biu
NGA008,Borno,NGA008006,Chibok
NGA008,Borno,NGA008007,Damboa
NGA008,Borno,NGA008008,Dikwa
NGA008,Borno,NGA008009,Gubio
NGA008,Borno,NGA008010,Guzamala
NGA008,Borno,NGA008011,Gwoza
NGA008,Borno,NGA008012,Hawul
NGA008,Borno,NGA008013,Jere
NGA008,Borno,NGA008014,Kaga
NGA008,Borno,NGA008015,Kala/Balge
NGA008,Borno,NGA008016,Konduga
NGA008,Borno,NGA008017,Kukawa
NGA008,Borno,NGA008018,Kwaya Kusar
NGA008,Borno,NGA008019,Mafa
NGA008,Borno,NGA008020,Magumeri
NGA008,Borno,NGA008021,Maiduguri
NGA008,Borno,NGA008022,Marte
NGA008,Borno,NGA008023,Mobbar
NGA008,Borno,NGA008024,Monguno
NGA008,Borno,NGA008025,Ngala
NGA008,Borno,NGA008026,Nganzai
NGA008,Borno,NGA008027,Shani
NGA009,Cross River,NGA009001,Abi
NGA009,Cross River,NGA009002,Akamkpa
NGA009,Cross River,NGA009003,Akpabuyo
NGA009,Cross River,NGA009004,Bakassi
NGA009,Cross River,NGA009005,Bekwara
NGA009,Cross River,NGA009006,Biase
NGA009,Cross River,NGA009007,Boki
NGA009,Cross River,NGA009008,Calabar South
NGA009,Cross River,NGA009009,Calabar-Municipal
NGA009,Cross River,NGA009010,Etung
NGA009,Cross River,NGA009011,Ikom
NGA009,Cross River,NGA009012,Obanliku
NGA009,Cross River,NGA009013,Obubra
NGA009,Cross River,NGA009014,Obudu
NGA009,Cross River,NGA009015,Odukpani
NGA009,Cross River,NGA009016,Ogoja
NGA009,Cross River,NGA009017,Yakurr
NGA009,Cross River,NGA009018,Yala
NGA010,Delta,NGA010001,Aniocha North
NGA010,Delta,NGA010002,Aniocha South
NGA010,Delta,NGA010003,Bomadi
NGA010,Delta,NGA010004,Burutu
NGA010,Delta,NGA010005,Ethiope East
NGA010,Delta,NGA010006,Ethiope West
NGA010,Delta,NGA010007,Ika North East
NGA010,Delta,NGA010008,Ika South
NGA010,Delta,NGA010009,Isoko North
NGA010,Delta,NGA010010,Isoko South
NGA010,Delta,NGA010011,Ndokwa East
NGA010,Delta,NGA010012,Ndokwa West
NGA010,Delta,NGA010013,Okpe
NGA010,Delta,NGA010014,Oshimili North
NGA010,Delta,NGA010015,Oshimili South
NGA010,Delta,NGA010016,Patani
NGA010,Delta,NGA010017,Sapele
NGA010,Delta,NGA010018,Udu
NGA010,Delta,NGA010019,Ughelli North
NGA010,Delta,NGA010020,Ughelli South
NGA010,Delta,NGA010021,Ukwuani
NGA010,Delta,NGA010022,Uvwie
NGA010,Delta,NGA010023,Warri North
NGA010,Delta,NGA010024,Warri South
NGA010,Delta,NGA010025,Warri South West
NGA011,Ebonyi,NGA011001,Abakaliki
NGA011,Ebonyi,NGA011002,Afikpo North
NGA011,Ebonyi,NGA011003,Afikpo South
NGA011,Ebonyi,NGA011004,Ebonyi
NGA011,Ebonyi,NGA011005,Ezza North
NGA011,Ebonyi,NGA011006,Ezza South
NGA011,Ebonyi,NGA011007,Ikwo
NGA011,Ebonyi,NGA011008,Ishielu
NGA011,Ebonyi,NGA011009,Ivo
NGA011,Ebonyi,NGA011010,Izzi
NGA011,Ebonyi,NGA011011,Ohaozara
NGA011,Ebonyi,NGA011012,Ohaukwu
NGA011,Ebonyi,NGA011013,Onicha
NGA012,Edo,NGA012001,Akoko-Edo
NGA012,Edo,NGA012002,Egor
NGA012,Edo,NGA012003,Esan Central
NGA012,Edo,NGA012004,Esan North East
NGA012,Edo,NGA012005,Esan South East
NGA012,Edo,NGA012006,Esan West
NGA012,Edo,NGA012007,Etsako Central
NGA012,Edo,NGA012008,Etsako East
NGA012,Edo,NGA012009,Etsako West
NGA012,Edo,NGA012010,Igueben
NGA012,Edo,NGA012011,Ikpoba-Okha
NGA012,Edo,NGA012012,Oredo
NGA012,Edo,NGA012013,Orhionmwon
NGA012,Edo,NGA012014,Ovia North East
NGA012,Edo,NGA012015,Ovia South West
NGA012,Edo,NGA012016,Owan East
NGA012,Edo,NGA012017,Owan West
NGA012,Edo,NGA012018,Uhunmwonde
NGA013,Ekiti,NGA013001,Ado Ekiti
NGA013,Ekiti,NGA013002,"Aiyekire
"
NGA013,Ekiti,NGA013003,Efon-Alayee
NGA013,Ekiti,NGA013004,Ekiti East
NGA013,Ekiti,NGA013005,Ekiti South West
NGA013,Ekiti,NGA013006,Ekiti West
NGA013,Ekiti,NGA013007,Emure
NGA013,Ekiti,NGA013008,Ido-Osi
NGA013,Ekiti,NGA013009,Ijero
NGA013,Ekiti,NGA013010,Ikere
NGA013,Ekiti,NGA013011,Ikole
NGA013,Ekiti,NGA013012,Ilejemeji
NGA013,Ekiti,NGA013013,Irepodun/Ifelodun
NGA013,Ekiti,NGA013014,Ise/Orun
NGA013,Ekiti,NGA013015,Moba
NGA013,Ekiti,NGA013016,Oye
NGA014,Enugu,NGA014001,Aninri
NGA014,Enugu,NGA014002,Awgu
NGA014,Enugu,NGA014003,Enugu East
NGA014,Enugu,NGA014004,Enugu North
NGA014,Enugu,NGA014005,Enugu South
NGA014,Enugu,NGA014006,Ezeagu
NGA014,Enugu,NGA014007,Igbo-Etiti
NGA014,Enugu,NGA014008,Igbo-Eze North
NGA014,Enugu,NGA014009,Igbo-Eze South
NGA014,Enugu,NGA014010,Isi-Uzo
NGA014,Enugu,NGA014011,Nkanu East
NGA014,Enugu,NGA014012,Nkanu West
NGA014,Enugu,NGA014013,Nsukka
NGA014,Enugu,NGA014014,Oji-River
NGA014,Enugu,NGA014015,Udenu
NGA014,Enugu,NGA014016,Udi
NGA014,Enugu,NGA014017,Uzo-Uwani
NGA015,Federal Capital Territory,NGA015001,Abaji
NGA015,Federal Capital Territory,NGA015002,Abuja Municipal
NGA015,Federal Capital Territory,NGA015003,Bwari
NGA015,Federal Capital Territory,NGA015004,Gwagwalada
NGA015,Federal Capital Territory,NGA015005,Kuje
NGA015,Federal Capital Territory,NGA015006,Kwali
NGA016,Gombe,NGA016001,Akko
NGA016,Gombe,NGA016002,Balanga
NGA016,Gombe,NGA016003,Billiri
NGA016,Gombe,NGA016004,Dukku
NGA016,Gombe,NGA016005,Funakaye
NGA016,Gombe,NGA016006,Gombe
NGA016,Gombe,NGA016007,Kaltungo
NGA016,Gombe,NGA016008,Kwami
NGA016,Gombe,NGA016009,Nafada
NGA016,Gombe,NGA016010,Shomgom
NGA016,Gombe,NGA016011,Yamaltu/Deba
NGA017,Imo,NGA017001,Aboh-Mbaise
NGA017,Imo,NGA017002,Ahiazu-Mbaise
NGA017,Imo,NGA017003,Ehime-Mbano
NGA017,Imo,NGA017004,Ezinihitte
NGA017,Imo,NGA017005,Ideato North
NGA017,Imo,NGA017006,Ideato South
NGA017,Imo,NGA017007,Ihitte/Uboma
NGA017,Imo,NGA017008,Ikeduru
NGA017,Imo,NGA017009,Isiala Mbano
NGA017,Imo,NGA017010,Isu
NGA017,Imo,NGA017011,Mbaitoli
NGA017,Imo,NGA017012,Ngor-Okpala
NGA017,Imo,NGA017013,Njaba
NGA017,Imo,NGA017014,Nkwerre
NGA017,Imo,NGA017015,Nwangele
NGA017,Imo,NGA017016,Obowo
NGA017,Imo,NGA017017,Oguta
NGA017,Imo,NGA017018,Ohaji/Egbema
NGA017,Imo,NGA017019,Okigwe
NGA017,Imo,NGA017020,Orlu
NGA017,Imo,NGA017021,Orsu
NGA017,Imo,NGA017022,Oru East
NGA017,Imo,NGA017023,Oru West
NGA017,Imo,NGA017024,Owerri North
NGA017,Imo,NGA017025,Owerri West
NGA017,Imo,NGA017026,Owerri-Municipal
NGA017,Imo,NGA017027,Onu-Imo
NGA018,Jigawa,NGA018001,Auyo
NGA018,Jigawa,NGA018002,Babura
NGA018,Jigawa,NGA018003,Biriniwa
NGA018,Jigawa,NGA018004,Birnin-Kudu
NGA018,Jigawa,NGA018005,Buji
NGA018,Jigawa,NGA018006,Dutse
NGA018,Jigawa,NGA018007,Gagarawa
NGA018,Jigawa,NGA018008,Garki
NGA018,Jigawa,NGA018009,Gumel
NGA018,Jigawa,NGA018010,Guri
NGA018,Jigawa,NGA018011,Gwaram
NGA018,Jigawa,NGA018012,Gwiwa
NGA018,Jigawa,NGA018013,Hadejia
NGA018,Jigawa,NGA018014,Jahun
NGA018,Jigawa,NGA018015,Kafin Hausa
NGA018,Jigawa,NGA018016,Kaugama
NGA018,Jigawa,NGA018017,Kazaure
NGA018,Jigawa,NGA018018,Kiri-Asamma
NGA018,Jigawa,NGA018019,Kiyawa
NGA018,Jigawa,NGA018020,Maigatari
NGA018,Jigawa,NGA018021,Malam Madori
NGA018,Jigawa,NGA018022,Miga
NGA018,Jigawa,NGA018023,Ringim
NGA018,Jigawa,NGA018024,Roni
NGA018,Jigawa,NGA018025,Sule-Tankarkar
NGA018,Jigawa,NGA018026,Taura
NGA018,Jigawa,NGA018027,Yankwashi
NGA019,Kaduna,NGA019001,Birnin-Gwari
NGA019,Kaduna,NGA019002,Chikun
NGA019,Kaduna,NGA019003,Giwa
NGA019,Kaduna,NGA019004,Igabi
NGA019,Kaduna,NGA019005,Ikara
NGA019,Kaduna,NGA019006,Jaba
NGA019,Kaduna,NGA019007,Jemaa
NGA019,Kaduna,NGA019008,Kachia
NGA019,Kaduna,NGA019009,Kaduna North
NGA019,Kaduna,NGA019010,Kaduna South
NGA019,Kaduna,NGA019011,Kagarko
NGA019,Kaduna,NGA019012,Kajuru
NGA019,Kaduna,NGA019013,Kaura
NGA019,Kaduna,NGA019014,Kauru
NGA019,Kaduna,NGA019015,Kubau
NGA019,Kaduna,NGA019016,Kudan
NGA019,Kaduna,NGA019017,Lere
NGA019,Kaduna,NGA019018,Makarfi
NGA019,Kaduna,NGA019019,Sabon-Gari
NGA019,Kaduna,NGA019020,Sanga
NGA019,Kaduna,NGA019021,Soba
NGA019,Kaduna,NGA019022,Zango-Kataf
NGA019,Kaduna,NGA019023,Zaria
NGA020,Kano,NGA020001,Ajingi
NGA020,Kano,NGA020002,Albasu
NGA020,Kano,NGA020003,Bagwai
NGA020,Kano,NGA020004,Bebeji
NGA020,Kano,NGA020005,Bichi
NGA020,Kano,NGA020006,Bunkure
NGA020,Kano,NGA020007,Dala
NGA020,Kano,NGA020008,Dambatta
NGA020,Kano,NGA020009,Dawakin Kudu
NGA020,Kano,NGA020010,Dawakin Tofa
NGA020,Kano,NGA020011,Doguwa
NGA020,Kano,NGA020012,Fagge
NGA020,Kano,NGA020013,Gabasawa
NGA020,Kano,NGA020014,Garko
NGA020,Kano,NGA020015,Garum Mallam
NGA020,Kano,NGA020016,Gaya
NGA020,Kano,NGA020017,Gezawa
NGA020,Kano,NGA020018,Gwale
NGA020,Kano,NGA020019,Gwarzo
NGA020,Kano,NGA020020,Kabo
NGA020,Kano,NGA020021,Kano Municipal
NGA020,Kano,NGA020022,Karaye
NGA020,Kano,NGA020023,Kibiya
NGA020,Kano,NGA020024,Kiru
NGA020,Kano,NGA020025,Kumbotso
NGA020,Kano,NGA020026,Kunchi
NGA020,Kano,NGA020027,Kura
NGA020,Kano,NGA020028,Madobi
NGA020,Kano,NGA020029,Makoda
NGA020,Kano,NGA020030,Minjibir
NGA020,Kano,NGA020031,Nasarawa
NGA020,Kano,NGA020032,Rano
NGA020,Kano,NGA020033,Rimin Gado
NGA020,Kano,NGA020034,Rogo
NGA020,Kano,NGA020035,Shanono
NGA020,Kano,NGA020036,Sumaila
NGA020,Kano,NGA020037,Takai
NGA020,Kano,NGA020038,Tarauni
NGA020,Kano,NGA020039,Tofa
NGA020,Kano,NGA020040,Tsanyawa
NGA020,Kano,NGA020041,Tudun Wada
NGA020,Kano,NGA020042,Ungogo
NGA020,Kano,NGA020043,Warawa
NGA020,Kano,NGA020044,Wudil
NGA021,Katsina,NGA021001,Bakori
NGA021,Katsina,NGA021002,Batagarawa
NGA021,Katsina,NGA021003,Batsari
NGA021,Katsina,NGA021004,Baure
NGA021,Katsina,NGA021005,Bindawa
NGA021,Katsina,NGA021006,Charanchi
NGA021,Katsina,NGA021007,Dan Musa
NGA021,Katsina,NGA021008,Dandume
NGA021,Katsina,NGA021009,Danja
NGA021,Katsina,NGA021010,Daura
NGA021,Katsina,NGA021011,Dutsi
NGA021,Katsina,NGA021012,Dutsin-Ma
NGA021,Katsina,NGA021013,Faskari
NGA021,Katsina,NGA021014,Funtua
NGA021,Katsina,NGA021015,Ingawa
NGA021,Katsina,NGA021016,Jibia
NGA021,Katsina,NGA021017,Kafur
NGA021,Katsina,NGA021018,Kaita
NGA021,Katsina,NGA021019,Kankara
NGA021,Katsina,NGA021020,Kankia
NGA021,Katsina,NGA021021,Katsina
NGA021,Katsina,NGA021022,Kurfi
NGA021,Katsina,NGA021023,Kusada
NGA021,Katsina,NGA021024,Mai'Adua
NGA021,Katsina,NGA021025,Malumfashi
NGA021,Katsina,NGA021026,Mani
NGA021,Katsina,NGA021027,Mashi
NGA021,Katsina,NGA021028,Matazuu
NGA021,Katsina,NGA021029,Musawa
NGA021,Katsina,NGA021030,Rimi
NGA021,Katsina,NGA021031,Sabuwa
NGA021,Katsina,NGA021032,Safana
NGA021,Katsina,NGA021033,Sandamu
NGA021,Katsina,NGA021034,Zango
NGA022,Kebbi,NGA022001,Aleiro
NGA022,Kebbi,NGA022002,Arewa-Dandi
NGA022,Kebbi,NGA022003,Argungu
NGA022,Kebbi,NGA022004,Augie
NGA022,Kebbi,NGA022005,Bagudo
NGA022,Kebbi,NGA022006,Birnin Kebbi
NGA022,Kebbi,NGA022007,Bunza
NGA022,Kebbi,NGA022008,Dandi
NGA022,Kebbi,NGA022009,Fakai
NGA022,Kebbi,NGA022010,Gwandu
NGA022,Kebbi,NGA022011,Jega
NGA022,Kebbi,NGA022012,Kalgo
NGA022,Kebbi,NGA022013,Koko/Besse
NGA022,Kebbi,NGA022014,Maiyama
NGA022,Kebbi,NGA022015,Ngaski
NGA022,Kebbi,NGA022016,Sakaba
NGA022,Kebbi,NGA022017,Shanga
NGA022,Kebbi,NGA022018,Suru
NGA022,Kebbi,NGA022019,Wasagu/Danko
NGA022,Kebbi,NGA022020,Yauri
NGA022,Kebbi,NGA022021,Zuru
NGA023,Kogi,NGA023001,Adavi
NGA023,Kogi,NGA023002,Ajaokuta
NGA023,Kogi,NGA023003,Ankpa
NGA023,Kogi,NGA023004,Bassa
NGA023,Kogi,NGA023005,Dekina
NGA023,Kogi,NGA023006,Ibaji
NGA023,Kogi,NGA023007,Idah
NGA023,Kogi,NGA023008,Igalamela-Odolu
NGA023,Kogi,NGA023009,Ijumu
NGA023,Kogi,NGA023010,Kabba/Bunu
NGA023,Kogi,NGA023011,Kogi
NGA023,Kogi,NGA023012,Lokoja
NGA023,Kogi,NGA023013,Mopa-Muro
NGA023,Kogi,NGA023014,Ofu
NGA023,Kogi,NGA023015,Ogori/Mangongo
NGA023,Kogi,NGA023016,Okehi
NGA023,Kogi,NGA023017,Okene
NGA023,Kogi,NGA023018,Olamaboro
NGA023,Kogi,NGA023019,Omala
NGA023,Kogi,NGA023020,Yagba East
NGA023,Kogi,NGA023021,Yagba West
NGA024,Kwara,NGA024001,Asa
NGA024,Kwara,NGA024002,Baruten
NGA024,Kwara,NGA024003,Edu
NGA024,Kwara,NGA024004,Ekiti
NGA024,Kwara,NGA024005,Ifelodun
NGA024,Kwara,NGA024006,Ilorin East
NGA024,Kwara,NGA024007,Ilorin South
NGA024,Kwara,NGA024008,Ilorin West
NGA024,Kwara,NGA024009,Irepodun
NGA024,Kwara,NGA024010,Isin
NGA024,Kwara,NGA024011,Kaiama
NGA024,Kwara,NGA024012,Moro
NGA024,Kwara,NGA024013,Offa
NGA024,Kwara,NGA024014,Oke-Ero
NGA024,Kwara,NGA024015,Oyun
NGA024,Kwara,NGA024016,Pategi
NGA025,Lagos,NGA025001,Agege
NGA025,Lagos,NGA025002,Ajeromi-Ifelodun
NGA025,Lagos,NGA025003,Alimosho
NGA025,Lagos,NGA025004,Amuwo-Odofin
NGA025,Lagos,NGA025005,Apapa
NGA025,Lagos,NGA025006,Badagry
NGA025,Lagos,NGA025007,Epe
NGA025,Lagos,NGA025008,Eti-Osa
NGA025,Lagos,NGA025009,Ibeju/Lekki
NGA025,Lagos,NGA025010,Ifako-Ijaye
NGA025,Lagos,NGA025011,Ikeja
NGA025,Lagos,NGA025012,Ikorodu
NGA025,Lagos,NGA025013,Kosofe
NGA025,Lagos,NGA025014,Lagos Island
NGA025,Lagos,NGA025015,Lagos Mainland
NGA025,Lagos,NGA025016,Mushin
NGA025,Lagos,NGA025017,Ojo
NGA025,Lagos,NGA025018,Oshodi-Isolo
NGA025,Lagos,NGA025019,Shomolu
NGA025,Lagos,NGA025020,Surulere
NGA026,Nassarawa,NGA026001,Akwanga
NGA026,Nassarawa,NGA026002,Awe
NGA026,Nassarawa,NGA026003,Doma
NGA026,Nassarawa,NGA026004,Karu
NGA026,Nassarawa,NGA026005,Keana
NGA026,Nassarawa,NGA026006,Keffi
NGA026,Nassarawa,NGA026007,Kokona
NGA026,Nassarawa,NGA026008,Lafia
NGA026,Nassarawa,NGA026009,Nassarawa
NGA026,Nassarawa,NGA026010,Nassarawa-Eggon
NGA026,Nassarawa,NGA026011,Obi
NGA026,Nassarawa,NGA026012,Toto
NGA026,Nassarawa,NGA026013,Wamba
NGA027,Niger,NGA027001,Agaie
NGA027,Niger,NGA027002,Agwara
NGA027,Niger,NGA027003,Bida
NGA027,Niger,NGA027004,Borgu
NGA027,Niger,NGA027005,Bosso
NGA027,Niger,NGA027006,Chanchaga
NGA027,Niger,NGA027007,Edati
NGA027,Niger,NGA027008,Gbako
NGA027,Niger,NGA027009,Gurara
NGA027,Niger,NGA027010,Katcha
NGA027,Niger,NGA027011,Kontagora
NGA027,Niger,NGA027012,Lapai
NGA027,Niger,NGA027013,Lavun
NGA027,Niger,NGA027014,Magama
NGA027,Niger,NGA027015,Mariga
NGA027,Niger,NGA027016,Mashegu
NGA027,Niger,NGA027017,Mokwa
NGA027,Niger,NGA027018,Muya
NGA027,Niger,NGA027019,Paikoro
NGA027,Niger,NGA027020,Rafi
NGA027,Niger,NGA027021,Rijau
NGA027,Niger,NGA027022,Shiroro
NGA027,Niger,NGA027023,Suleja
NGA027,Niger,NGA027024,Tafa
NGA027,Niger,NGA027025,Wushishi
NGA028,Ogun,NGA028001,Abeokuta North
NGA028,Ogun,NGA028002,Abeokuta South
NGA028,Ogun,NGA028003,Ado-Odo/Ota
NGA028,Ogun,NGA028004,Egbado North
NGA028,Ogun,NGA028005,Egbado South
NGA028,Ogun,NGA028006,Ewekoro
NGA028,Ogun,NGA028007,Ifo
NGA028,Ogun,NGA028008,Ijebu East
NGA028,Ogun,NGA028009,Ijebu North
NGA028,Ogun,NGA028010,Ijebu North East
NGA028,Ogun,NGA028011,Ijebu Ode
NGA028,Ogun,NGA028012,Ikenne
NGA028,Ogun,NGA028013,Imeko-Afon
NGA028,Ogun,NGA028014,Ipokia
NGA028,Ogun,NGA028015,Obafemi-Owode
NGA028,Ogun,NGA028016,Odeda
NGA028,Ogun,NGA028017,Odogbolu
NGA028,Ogun,NGA028018,Ogun Waterside
NGA028,Ogun,NGA028019,Remo North
NGA028,Ogun,NGA028020,Shagamu
NGA029,Ondo,NGA029001,Akoko North East
NGA029,Ondo,NGA029002,Akoko North West
NGA029,Ondo,NGA029003,Akoko South East
NGA029,Ondo,NGA029004,Akoko South West
NGA029,Ondo,NGA029005,Akure North
NGA029,Ondo,NGA029006,Akure South
NGA029,Ondo,NGA029007,Ese-Odo
NGA029,Ondo,NGA029008,Idanre
NGA029,Ondo,NGA029009,Ifedore
NGA029,Ondo,NGA029010,Ilaje
NGA029,Ondo,NGA029011,Ile-Oluji-Okeigbo
NGA029,Ondo,NGA029012,Irele
NGA029,Ondo,NGA029013,Odigbo
NGA029,Ondo,NGA029014,Okitipupa
NGA029,Ondo,NGA029015,Ondo East
NGA029,Ondo,NGA029016,Ondo West
NGA029,Ondo,NGA029017,Ose
NGA029,Ondo,NGA029018,Owo
NGA030,Osun,NGA030001,Ayedaade
NGA030,Osun,NGA030002,Aiyedire
NGA030,Osun,NGA030003,Atakumosa East
NGA030,Osun,NGA030004,Atakumosa West
NGA030,Osun,NGA030005,Boluwaduro
NGA030,Osun,NGA030006,Boripe
NGA030,Osun,NGA030007,Ede North
NGA030,Osun,NGA030008,Ede South
NGA030,Osun,NGA030009,Egbedore
NGA030,Osun,NGA030010,Ejigbo
NGA030,Osun,NGA030011,Ife Central
NGA030,Osun,NGA030012,Ife East
NGA030,Osun,NGA030013,Ife North
NGA030,Osun,NGA030014,Ife South
NGA030,Osun,NGA030015,Ifedayo
NGA030,Osun,NGA030016,Ifelodun
NGA030,Osun,NGA030017,Ila
NGA030,Osun,NGA030018,Ilesha East
NGA030,Osun,NGA030019,Ilesha West
NGA030,Osun,NGA030020,Irepodun
NGA030,Osun,NGA030021,Irewole
NGA030,Osun,NGA030022,Isokan
NGA030,Osun,NGA030023,Iwo
NGA030,Osun,NGA030024,Obokun
NGA030,Osun,NGA030025,Odo-Otin
NGA030,Osun,NGA030026,Ola-Oluwa
NGA030,Osun,NGA030027,Olorunda
NGA030,Osun,NGA030028,Oriade
NGA030,Osun,NGA030029,Orolu
NGA030,Osun,NGA030030,Osogbo
NGA031,Oyo,NGA031001,Afijio
NGA031,Oyo,NGA031002,Akinyele
NGA031,Oyo,NGA031003,Atiba
NGA031,Oyo,NGA031004,Atisbo
NGA031,Oyo,NGA031005,Egbeda
NGA031,Oyo,NGA031006,Ibadan North
NGA031,Oyo,NGA031007,Ibadan North East
NGA031,Oyo,NGA031008,Ibadan North West
NGA031,Oyo,NGA031009,Ibadan South East
NGA031,Oyo,NGA031010,Ibadan South West
NGA031,Oyo,NGA031011,Ibarapa Central
NGA031,Oyo,NGA031012,Ibarapa East
NGA031,Oyo,NGA031013,Ibarapa North
NGA031,Oyo,NGA031014,Ido
NGA031,Oyo,NGA031015,Irepo
NGA031,Oyo,NGA031016,Iseyin
NGA031,Oyo,NGA031017,Itesiwaju
NGA031,Oyo,NGA031018,Iwajowa
NGA031,Oyo,NGA031019,Kajola
NGA031,Oyo,NGA031020,Lagelu
NGA031,Oyo,NGA031021,Ogbomosho North
NGA031,Oyo,NGA031022,Ogbomosho South
NGA031,Oyo,NGA031023,Ogo Oluwa
NGA031,Oyo,NGA031024,Olorunsogo
NGA031,Oyo,NGA031025,Oluyole
NGA031,Oyo,NGA031026,Ona-Ara
NGA031,Oyo,NGA031027,Orelope
NGA031,Oyo,NGA031028,Ori Ire
NGA031,Oyo,NGA031029,Oyo East
NGA031,Oyo,NGA031030,Oyo West
NGA031,Oyo,NGA031031,Saki East
NGA031,Oyo,NGA031032,Saki West
NGA031,Oyo,NGA031033,Surulere
NGA032,Plateau,NGA032001,Barkin Ladi
NGA032,Plateau,NGA032002,Bassa
NGA032,Plateau,NGA032003,Bokkos
NGA032,Plateau,NGA032004,Jos East
NGA032,Plateau,NGA032005,Jos North
NGA032,Plateau,NGA032006,Jos South
NGA032,Plateau,NGA032007,Kanam
NGA032,Plateau,NGA032008,Kanke
NGA032,Plateau,NGA032009,Langtang North
NGA032,Plateau,NGA032010,Langtang South
NGA032,Plateau,NGA032011,Mangu
NGA032,Plateau,NGA032012,Mikang
NGA032,Plateau,NGA032013,Pankshin
NGA032,Plateau,NGA032014,Qua'an Pan
NGA032,Plateau,NGA032015,Riyom
NGA032,Plateau,NGA032016,Shendam
NGA032,Plateau,NGA032017,Wase
NGA033,Rivers,NGA033001,Abua/Odual
NGA033,Rivers,NGA033002,Ahoada East
NGA033,Rivers,NGA033003,Ahoada West
NGA033,Rivers,NGA033004,Akuku Toru
NGA033,Rivers,NGA033005,Andoni
NGA033,Rivers,NGA033006,Asari-Toru
NGA033,Rivers,NGA033007,Bonny
NGA033,Rivers,NGA033008,Degema
NGA033,Rivers,NGA033009,Eleme
NGA033,Rivers,NGA033010,Emohua
NGA033,Rivers,NGA033011,Etche
NGA033,Rivers,NGA033012,Gokana
NGA033,Rivers,NGA033013,Ikwerre
NGA033,Rivers,NGA033014,Khana
NGA033,Rivers,NGA033015,Obia/Akpor
NGA033,Rivers,NGA033016,Ogba/Egbema/Ndoni
NGA033,Rivers,NGA033017,Ogu/Bolo
NGA033,Rivers,NGA033018,Okrika
NGA033,Rivers,NGA033019,Omumma
NGA033,Rivers,NGA033020,Opobo/Nkoro
NGA033,Rivers,NGA033021,Oyigbo
NGA033,Rivers,NGA033022,Port-Harcourt
NGA033,Rivers,NGA033023,Tai
NGA034,Sokoto,NGA034001,Binji
NGA034,Sokoto,NGA034002,Bodinga
NGA034,Sokoto,NGA034003,Dange-Shuni
NGA034,Sokoto,NGA034004,Gada
NGA034,Sokoto,NGA034005,Gwadabawa
NGA034,Sokoto,NGA034006,Goronyo
NGA034,Sokoto,NGA034007,Gudu
NGA034,Sokoto,NGA034008,Illela
NGA034,Sokoto,NGA034009,Isa
NGA034,Sokoto,NGA034010,Kebbe
NGA034,Sokoto,NGA034011,Kware
NGA034,Sokoto,NGA034012,Rabah
NGA034,Sokoto,NGA034013,Sabon Birni
NGA034,Sokoto,NGA034014,Shagari
NGA034,Sokoto,NGA034015,Silame
NGA034,Sokoto,NGA034016,Sokoto North
NGA034,Sokoto,NGA034017,Sokoto South
NGA034,Sokoto,NGA034018,Tambuwal
NGA034,Sokoto,NGA034019,Tangaza
NGA034,Sokoto,NGA034020,Tureta
NGA034,Sokoto,NGA034021,Wamako
NGA034,Sokoto,NGA034022,Wurno
NGA034,Sokoto,NGA034023,Yabo
NGA035,Taraba,NGA035001,Ardo-Kola
NGA035,Taraba,NGA035002,Bali
NGA035,Taraba,NGA035003,Donga
NGA035,Taraba,NGA035004,Gashaka
NGA035,Taraba,NGA035005,Gassol
NGA035,Taraba,NGA035006,Ibi
NGA035,Taraba,NGA035007,Jalingo
NGA035,Taraba,NGA035008,Karim Lamido
NGA035,Taraba,NGA035009,Kurmi
NGA035,Taraba,NGA035010,Lau
NGA035,Taraba,NGA035011,Sardauna
NGA035,Taraba,NGA035012,Takum
NGA035,Taraba,NGA035013,Ussa
NGA035,Taraba,NGA035014,Wukari
NGA035,Taraba,NGA035015,Yorro
NGA035,Taraba,NGA035016,Zing
NGA036,Yobe,NGA036001,Bade
NGA036,Yobe,NGA036002,Bursari
NGA036,Yobe,NGA036003,Damaturu
NGA036,Yobe,NGA036004,Fika
NGA036,Yobe,NGA036005,Fune
NGA036,Yobe,NGA036006,Geidam
NGA036,Yobe,NGA036007,Gujba
NGA036,Yobe,NGA036008,Gulani
NGA036,Yobe,NGA036009,Jakusko
NGA036,Yobe,NGA036010,Karasuwa
NGA036,Yobe,NGA036011,Machina
NGA036,Yobe,NGA036012,Nangere
NGA036,Yobe,NGA036013,Nguru
NGA036,Yobe,NGA036014,Potiskum
NGA036,Yobe,NGA036015,Tarmuwa
NGA036,Yobe,NGA036016,Yunusari
NGA036,Yobe,NGA036017,Yusufari
NGA037,Zamfara,NGA037001,Anka
NGA037,Zamfara,NGA037002,Bakura
NGA037,Zamfara,NGA037003,Birnin Magaji
NGA037,Zamfara,NGA037004,Bukkuyum
NGA037,Zamfara,NGA037005,Bungudu
NGA037,Zamfara,NGA037006,Gummi
NGA037,Zamfara,NGA037007,Gusau
NGA037,Zamfara,NGA037008,Kaura-Namoda
NGA037,Zamfara,NGA037009,Maradun
NGA037,Zamfara,NGA037010,Maru
NGA037,Zamfara,NGA037011,Shinkafi
NGA037,Zamfara,NGA037012,Talata Mafara
NGA037,Zamfara,NGA037013,Tsafe
NGA037,Zamfara,NGA037014,Zurmi
