adm1cd,adm1nm,lga_count
NGA001,Abia,17
NGA002,Adamawa,21
NGA003,Akwa lbom,31
NGA004,Anambra,21
NGA005,Bauchi,20
NGA006,Bayelsa,8
NGA007,Benue,23
NGA008,Borno,27
NGA009,Cross River,18
NGA010,Delta,25
NGA011,Ebonyi,13
NGA012,Edo,18
NGA013,Ekiti,16
NGA014,Enugu,17
NGA015,Federal Capital Territory,6
NGA016,Gombe,11
NGA017,Imo,27
NGA018,Jigawa,27
NGA019,Kaduna,23
NGA020,Kano,44
NGA021,Katsina,34
NGA022,Kebbi,21
NGA023,Kogi,21
NGA024,Kwara,16
NGA025,Lagos,20
NGA026,Nassarawa,13
NGA027,Niger,25
NGA028,Ogun,20
NGA029,Ondo,18
NGA030,Osun,30
NGA031,Oyo,33
NGA032,Plateau,17
NGA033,Rivers,23
NGA034,Sokoto,23
NGA035,Taraba,16
NGA036,Yobe,17
NGA037,Zamfara,14
