dataset_id,dataset_title,publisher,version,reference_year,release_date,geographic_scope,state_id,format,crs,resolution,units,nodata,source_url,download_url,storage_location,licence,redistribution_allowed,retrieval_date,file_size_bytes,sha256,source_or_processed,status,processing_notes
un_salb_nga_admin_2024_08_08,"UN SALB Nigeria Administrative Units (Polygon), ADM1/ADM2","United Nations SALB; Contributor: Office of the Surveyor General of the Federation, Federal Surveys of Nigeria","Validated current dataset; temporal validity 2000-01-01 to 2024-08-08","2000-01-01 to 2024-08-08","2024-08-08 last update","Nigeria; 37 ADM1 and 774 ADM2",,"GeoJSON; repository copy partitioned by ADM1",EPSG:4326,vector,administrative polygon,,https://salb.un.org/en/data/nga,"Official page offers GeoJSON/Shapefile/REST API; repository uses validated supplied GeoJSON","Git repository: 37 unchanged State/FCT partitions plus source lookup tables","UN SALB Terms of Use: non-commercial; attribution required; source geometry/content modification restricted","yes for non-commercial use under SALB Terms of Use",2026-09-30,5639266,a67a3add567c5ee1ee7bc8411992b385c589d2c1d0294fe3487d8bb1bccecbe0,"source archive partitioned without geometry/attribute edits",validated_committed_primary_admin,"Use adm1cd/adm2cd. Official source is Validated through 2024-08-08. Raw names preserved; UI normalization must be separate and documented."
grid3_state_boundaries,GRID3 NGA - Operational State Boundaries,eHealth Africa / Proxy Logics / GRID3,2020 operational release,2020,2020-09 (source description),Nigeria; ADM1 including FCT,,ArcGIS Feature Service; export to GeoJSON/GPKG,EPSG:4326,vector,polygon,,https://data.grid3.org/datasets/GRID3::grid3-nga-operational-state-boundaries-/about,Resolved at run time from ArcGIS item/service,Git repo: compact analytical/display boundary copies after validation,CC BY 4.0,"yes, with attribution",2026-09-30 metadata verification,,,source metadata / processed copy later,metadata_verified_download_runtime,Keep analytical and simplified display boundaries separate.
grid3_lga_boundaries,GRID3 NGA - Operational LGA Boundaries,eHealth Africa / Proxy Logics / GRID3,2020 operational release,2020,UNRESOLVED: GRID3 Nigeria page says Dec 2020; ArcGIS metadata says released Mar 2021,Nigeria; ADM2 / LGAs and FCT Area Councils,,ArcGIS Feature Service; export to GeoJSON/GPKG,EPSG:4326,vector,polygon,,https://data.grid3.org/datasets/GRID3::grid3-nga-operational-lga-boundaries/about,Resolved at run time from ArcGIS item/service,Git repo: compact analytical boundary + lookup tables after validation,CC BY 4.0,"yes, with attribution",2026-09-30 metadata verification,,,source metadata / processed copy later,metadata_verified_release_date_conflict,"Use source lgacode/statecode, not names alone. Verify 774 LGA/Area Council records and FCT handling."
grid3_settlement_extents_v3_1,GRID3 NGA - Settlement Extents v3.1,CIESIN / GRID3,v3.1,2024,2024,Nigeria,,GeoPackage in ZIP,EPSG:4326,vector settlement extents,polygon; building_count and building_area attributes,,https://data.humdata.org/dataset/grid3-nga-settlement-extents-v3_1,https://data.humdata.org/dataset/grid3-nga-settlement-extents-v3_1/resource/0a22d6fc-7f1f-4f50-aead-09ef7be0455d/download/,"GitHub Release mirror + source-hosted official HDX copy",CC BY-SA 4.0,"yes, with attribution and share-alike",2026-09-30,,,source,selected_primary_settlement_source,"User-selected course baseline. DOI https://doi.org/10.7916/x9xg-e262. Selected archive GRID3_NGA_settlement_extents_v3_1_gpkg.zip contains the settlement-extents GeoPackage, XML metadata and data-release-notes PDF. Published extent schema includes country, iso3, building_count, building_area, type, probability, date, source and mgrs_code."
grid3_settlement_names,GRID3 NGA - Settlement Names,eHealth Africa / Proxy Logics / ORNL / GRID3,current named-point layer; source vintage requires reconciliation,2020,UNRESOLVED: current Nigeria page labels Sep 2020; metadata says released Mar 2021,Nigeria,,ArcGIS Feature Layer,validate on download,point,named settlement point,,https://data.grid3.org/datasets/GRID3::grid3-nga-settlement-names/about,Resolved at run time from ArcGIS item/service,GitHub Release or compact processed state subset if licence/provenance retained,CC BY 4.0,"yes, with attribution",2026-09-30 metadata verification,,,source,metadata_verified_date_conflict,"Names are points, not settlement polygons. Match by containment/shared IDs where possible; retain unmatched and multiple-name cases."
worldpop_agesex_2025_100m_r2025a,"Nigeria - Age and Sex Structures, 2025, constrained 100 m, R2025A v1","WorldPop, University of Southampton",R2025A v1,2025,2025-09-01 production date,Nigeria,,GeoTIFF,EPSG:4326,3 arc seconds (~100 m at equator),estimated people per grid square,Validate from downloaded raster; Global2 STAC commonly reports -99999,https://hub.worldpop.org/geodata/summary?id=105743,Discover individual assets through https://api.stac.worldpop.org,Raw source-hosted; processed state/LGA COG subsets only,CC BY 4.0,"yes, with attribution, subject to exact asset terms",2026-09-30,8560000000 full Nigeria age-sex archive shown by WorldPop; only required assets should be retrieved,,source,metadata_verified,"Use T_M, T_F, m_00, f_00, m_01, f_01 assets. total=T_M+T_F; under1=m_00+f_00; under5=under1+m_01+f_01. Do not divide under5 by five."
google_open_buildings_v3,Google Open Buildings V3 Polygons,Google Research,v3,imagery freshness varies by place,2023-05 inference,Nigeria included in Global South coverage,,S2-sharded CSV (WKT polygons) and Earth Engine FeatureCollection,WGS84 / EPSG:4326 for vector access,individual detected building footprint,polygon footprint; confidence score,,https://sites.research.google/gr/open-buildings/,gs://open-buildings-data/v3/polygons_s2_level_4_gzip or Earth Engine GOOGLE/Research/open-buildings/v3/polygons,Do not store national raw data in Git; process pilot/state subsets from source,CC BY 4.0 OR ODbL 1.0,yes under chosen licence terms,2026-09-30,178000000000 global polygon dataset,,source,metadata_verified,"Source includes geometry, centroid lat/lon, area_in_meters, confidence, plus code. Base release includes detections >=0.65; use per-tile thresholds for higher precision and document threshold."
grid3_health_facilities_v2,GRID3 NGA - Health Facilities v2.0,CIESIN / GRID3 and partners,v2.0,inputs include NHFR 2024; mixed source dates,2024-11,All Nigeria,,ArcGIS Feature Layer / GeoJSON export,EPSG:4326,facility point,facility record,,https://data.grid3.org/datasets/GRID3::grid3-nga-health-facilities-v2-0/about,ArcGIS Feature Service resolved at run time,Processed state subsets may be redistributed with attribution,CC BY 4.0,"yes, with attribution",2026-09-30,,,source,metadata_schema_verified,"51,022 records reported. Key fields include globalid, nhfr_uid, nhfr_facility_code, state, lga, ward, facility_name, ownership, facility_level, latitude, longitude, last_updated. Operational status/service availability must not be inferred."
grid3_health_facilities_v3,GRID3 NGA - Health Facilities v3.0,CIESIN / GRID3,v3.0,UNRESOLVED,2026-08,24 states only as of GRID3 Nigeria page update,,ArcGIS Feature Layer,validate,facility point,facility record,,https://grid3.org/geospatial-data-nigeria,UNRESOLVED current item endpoint,Not selected as national baseline yet,UNRESOLVED exact v3.0 item terms,UNRESOLVED,2026-09-30,,,source,partial_coverage_do_not_use_as_national_baseline,Use v2.0 for first national course baseline unless a controlled hybrid v3/v2 policy is explicitly implemented and documented.
